Currency,Date,Open,High,Low,Close,Volume,Market Cap
tezos,"Dec 04, 2019",1.29,1.32,1.25,1.25,46048752.00,824588509.00
tezos,"Dec 03, 2019",1.24,1.32,1.21,1.29,41462224.00,853213342.00
tezos,"Dec 02, 2019",1.25,1.26,1.20,1.24,27574097.00,817872179.00
tezos,"Dec 01, 2019",1.33,1.34,1.25,1.25,24127567.00,828296390.00
tezos,"Nov 30, 2019",1.31,1.37,1.31,1.33,28706667.00,879181680.00
tezos,"Nov 29, 2019",1.28,1.34,1.28,1.31,32270224.00,867085098.00
tezos,"Nov 28, 2019",1.26,1.35,1.22,1.28,44240281.00,845073679.00
tezos,"Nov 27, 2019",1.24,1.27,1.16,1.26,47723271.00,829672736.00
tezos,"Nov 26, 2019",1.24,1.28,1.23,1.24,54828808.00,822065277.00
tezos,"Nov 25, 2019",1.33,1.33,1.21,1.24,64954006.00,815688075.00
tezos,"Nov 24, 2019",1.40,1.42,1.31,1.34,49206070.00,887731654.00
tezos,"Nov 23, 2019",1.22,1.42,1.22,1.39,123832790.00,920735790.00
tezos,"Nov 22, 2019",1.21,1.28,1.08,1.22,69312275.00,804427044.00
tezos,"Nov 21, 2019",1.21,1.29,1.18,1.21,53020027.00,800257863.00
tezos,"Nov 20, 2019",1.22,1.25,1.17,1.21,33605071.00,801174969.00
tezos,"Nov 19, 2019",1.23,1.25,1.15,1.22,35796763.00,805231584.00
tezos,"Nov 18, 2019",1.16,1.26,1.16,1.23,37602915.00,813744878.00
tezos,"Nov 17, 2019",1.16,1.18,1.15,1.16,22483167.00,767707353.00
tezos,"Nov 16, 2019",1.17,1.18,1.16,1.16,26689028.00,768303560.00
tezos,"Nov 15, 2019",1.22,1.26,1.15,1.17,32203363.00,773992543.00
tezos,"Nov 14, 2019",1.13,1.30,1.11,1.22,41978349.00,808582829.00
tezos,"Nov 13, 2019",1.17,1.17,1.12,1.13,23410839.00,746750215.00
tezos,"Nov 12, 2019",1.18,1.20,1.15,1.17,23591140.00,771905281.00
tezos,"Nov 11, 2019",1.23,1.24,1.17,1.18,25012739.00,776358941.00
tezos,"Nov 10, 2019",1.25,1.25,1.19,1.23,31134799.00,812505004.00
tezos,"Nov 09, 2019",1.17,1.26,1.15,1.24,34760712.00,819630519.00
tezos,"Nov 08, 2019",1.22,1.28,1.12,1.17,44195683.00,770094896.00
tezos,"Nov 07, 2019",1.02,1.44,1.02,1.22,92805360.00,805246128.00
tezos,"Nov 06, 2019",0.93,1.05,0.90,1.02,26095931.00,673756212.00
tezos,"Nov 05, 2019",0.89,0.93,0.88,0.93,13420498.00,612256490.00
tezos,"Nov 04, 2019",0.87,0.91,0.86,0.89,16511023.00,588922638.00
tezos,"Nov 03, 2019",0.87,0.87,0.85,0.87,11444717.00,573784519.00
tezos,"Nov 02, 2019",0.88,0.89,0.86,0.87,9944483.00,571571532.00
tezos,"Nov 01, 2019",0.89,0.89,0.86,0.88,12684201.00,579768933.00
tezos,"Oct 31, 2019",0.91,0.92,0.87,0.89,13120625.00,588070905.00
tezos,"Oct 30, 2019",0.88,0.97,0.77,0.91,23084998.00,603633344.00
tezos,"Oct 29, 2019",0.87,0.92,0.83,0.88,19713852.00,580397277.00
tezos,"Oct 28, 2019",0.88,0.93,0.77,0.88,24337121.00,578034790.00
tezos,"Oct 27, 2019",0.84,0.89,0.69,0.88,23186370.00,577928349.00
tezos,"Oct 26, 2019",0.83,0.93,0.82,0.83,20293463.00,549426804.00
tezos,"Oct 25, 2019",0.77,0.84,0.76,0.83,16862309.00,551251771.00
tezos,"Oct 24, 2019",0.76,0.78,0.75,0.77,14425427.00,507327662.00
tezos,"Oct 23, 2019",0.84,0.84,0.76,0.76,14131553.00,502752829.00
tezos,"Oct 22, 2019",0.87,0.88,0.83,0.84,11567380.00,553772790.00
tezos,"Oct 21, 2019",0.88,0.89,0.87,0.87,11434852.00,575470528.00
tezos,"Oct 20, 2019",0.87,0.88,0.86,0.88,9297806.00,579437174.00
tezos,"Oct 19, 2019",0.88,0.89,0.86,0.87,10127092.00,571399102.00
bitcoin,"Dec 04, 2019",7320.13,7539.78,7170.92,7252.03,21664240918.00,131143073943.00
bitcoin,"Dec 03, 2019",7323.98,7418.86,7229.36,7320.15,14797485769.00,132359942301.00
bitcoin,"Dec 02, 2019",7424.04,7474.82,7233.40,7321.99,17082040706.00,132378982377.00
bitcoin,"Dec 01, 2019",7571.62,7571.62,7291.34,7424.29,18720708479.00,134215145410.00
bitcoin,"Nov 30, 2019",7764.06,7836.10,7515.85,7569.63,17158194786.00,136829391049.00
bitcoin,"Nov 29, 2019",7466.73,7781.18,7460.76,7761.24,19709695456.00,140280108521.00
bitcoin,"Nov 28, 2019",7536.82,7730.07,7454.12,7463.11,19050116751.00,134879411013.00
bitcoin,"Nov 27, 2019",7220.88,7619.69,6974.17,7531.66,23991412764.00,136102712894.00
bitcoin,"Nov 26, 2019",7145.16,7320.23,7098.57,7218.37,21129505542.00,130429018720.00
bitcoin,"Nov 25, 2019",7039.98,7319.86,6617.17,7146.13,42685231262.00,129112952930.00
bitcoin,"Nov 24, 2019",7398.63,7408.58,7029.29,7047.92,30433517289.00,127327398565.00
bitcoin,"Nov 23, 2019",7296.16,7442.26,7151.42,7397.80,21008924418.00,133636205957.00
bitcoin,"Nov 22, 2019",7643.57,7697.38,6936.71,7296.58,34242315785.00,131791783672.00
bitcoin,"Nov 21, 2019",8023.64,8110.10,7597.38,7642.75,22514243371.00,138031885379.00
bitcoin,"Nov 20, 2019",8203.61,8237.24,8010.51,8027.27,20764300437.00,144962727398.00
bitcoin,"Nov 19, 2019",8305.13,8408.52,8099.96,8206.15,21083613816.00,148178376843.00
bitcoin,"Nov 18, 2019",8573.98,8653.28,8273.57,8309.29,21579470673.00,150025712267.00
bitcoin,"Nov 17, 2019",8549.47,8727.79,8500.97,8577.98,18668638897.00,154861842425.00
bitcoin,"Nov 16, 2019",8491.17,8592.00,8473.97,8550.76,16495389808.00,154354054194.00
bitcoin,"Nov 15, 2019",8705.71,8730.87,8484.84,8491.99,21796856471.00,153277483626.00
bitcoin,"Nov 14, 2019",8811.94,8826.94,8692.55,8708.10,19084739975.00,157160974644.00
bitcoin,"Nov 13, 2019",8812.03,8836.84,8761.65,8808.26,17545755405.00,158949942842.00
bitcoin,"Nov 12, 2019",8759.75,8853.77,8685.43,8815.66,20309769107.00,159068712900.00
bitcoin,"Nov 11, 2019",9056.92,9081.28,8700.61,8757.79,20265510765.00,158009772437.00
bitcoin,"Nov 10, 2019",8812.49,9103.83,8806.16,9055.53,20587919881.00,163364406732.00
bitcoin,"Nov 09, 2019",8809.47,8891.82,8793.16,8813.58,17578630606.00,158981489715.00
bitcoin,"Nov 08, 2019",9265.37,9272.76,8775.53,8804.88,24333037836.00,158808570729.00
bitcoin,"Nov 07, 2019",9352.39,9368.48,9202.35,9267.56,22700383839.00,167138722904.00
bitcoin,"Nov 06, 2019",9340.86,9423.24,9305.91,9360.88,23133895765.00,168806151583.00
bitcoin,"Nov 05, 2019",9413.00,9457.42,9256.93,9342.53,26198609048.00,168459778835.00
bitcoin,"Nov 04, 2019",9235.61,9505.05,9191.49,9412.61,26170255634.00,169706332936.00
bitcoin,"Nov 03, 2019",9324.79,9379.81,9141.25,9235.35,21132220847.00,166495319475.00
bitcoin,"Nov 02, 2019",9259.78,9377.49,9249.59,9324.72,21242676385.00,168090392935.00
bitcoin,"Nov 01, 2019",9193.99,9275.66,9132.05,9261.10,24324691031.00,166928044164.00
bitcoin,"Oct 31, 2019",9202.46,9383.16,9028.72,9199.58,26583653947.00,165804227835.00
bitcoin,"Oct 30, 2019",9422.46,9426.87,9085.37,9205.73,27706531577.00,165899500650.00
bitcoin,"Oct 29, 2019",9248.44,9516.18,9232.65,9427.69,28426779937.00,169883866262.00
bitcoin,"Oct 28, 2019",9565.10,9805.12,9256.15,9256.15,30948255332.00,166777392742.00
bitcoin,"Oct 27, 2019",9241.71,9749.53,9112.54,9551.71,32593129501.00,172087039875.00
bitcoin,"Oct 26, 2019",8667.58,10021.74,8662.62,9244.97,44496255609.00,166547360782.00
bitcoin,"Oct 25, 2019",7490.70,8691.54,7479.98,8660.70,28705065488.00,156006603607.00
bnb,"Dec 04, 2019",15.35,15.69,15.01,15.28,237605471.00,2376597490.00
bnb,"Dec 03, 2019",15.19,15.55,15.05,15.31,219927266.00,2381198047.00
bnb,"Dec 02, 2019",15.51,15.71,15.15,15.19,200809249.00,2362891697.00
bnb,"Dec 01, 2019",15.74,15.74,15.05,15.50,203268417.00,2410249227.00
bnb,"Nov 30, 2019",16.26,16.37,15.54,15.72,213428131.00,2444407390.00
bnb,"Nov 29, 2019",15.68,16.34,15.65,16.27,250074235.00,2531096195.00
bnb,"Nov 28, 2019",16.10,16.23,15.65,15.68,194516396.00,2439314462.00
bnb,"Nov 27, 2019",15.49,16.20,14.94,16.10,255021618.00,2503874750.00
bnb,"Nov 26, 2019",15.27,15.86,15.23,15.53,205893351.00,2415058208.00
bnb,"Nov 25, 2019",15.29,15.74,14.20,15.27,242510343.00,2374635550.00
bnb,"Nov 24, 2019",16.40,16.49,15.28,15.28,232363837.00,2376408889.00
bnb,"Nov 23, 2019",15.58,16.47,15.15,16.42,255961052.00,2553835169.00
bnb,"Nov 22, 2019",16.84,17.27,14.69,15.58,341456274.00,2423526845.00
bnb,"Nov 21, 2019",18.16,18.19,16.62,16.84,228429806.00,2619271948.00
bnb,"Nov 20, 2019",18.71,18.93,17.85,18.17,210091849.00,2826455734.00
bnb,"Nov 19, 2019",19.31,19.63,18.38,18.70,206923366.00,2909049614.00
bnb,"Nov 18, 2019",20.34,20.43,18.94,19.32,224380017.00,3004482390.00
bnb,"Nov 17, 2019",20.28,20.62,20.03,20.26,224982344.00,3151297091.00
bnb,"Nov 16, 2019",20.32,20.63,20.09,20.28,211016746.00,3154697160.00
bnb,"Nov 15, 2019",21.24,21.29,20.18,20.32,225530775.00,3159918981.00
bnb,"Nov 14, 2019",21.28,21.51,20.97,21.26,237992230.00,3307441359.00
bnb,"Nov 13, 2019",20.87,21.64,20.71,21.25,252296146.00,3305222292.00
bnb,"Nov 12, 2019",20.14,20.86,20.09,20.86,227650068.00,3244098617.00
bnb,"Nov 11, 2019",20.48,20.64,19.92,20.13,209454454.00,3131442373.00
bnb,"Nov 10, 2019",19.73,20.63,19.73,20.48,239714468.00,3185665329.00
bnb,"Nov 09, 2019",19.68,19.98,19.60,19.74,176812608.00,3069586392.00
bnb,"Nov 08, 2019",20.69,20.69,19.47,19.69,184596047.00,3062638047.00
bnb,"Nov 07, 2019",20.81,20.96,20.25,20.65,222003636.00,3211356528.00
bnb,"Nov 06, 2019",20.72,20.92,20.28,20.82,241489968.00,3237951225.00
bnb,"Nov 05, 2019",20.74,20.92,20.45,20.72,263685442.00,3223447634.00
bnb,"Nov 04, 2019",20.23,20.92,20.18,20.74,296502530.00,3225517472.00
bnb,"Nov 03, 2019",20.27,20.43,19.89,20.21,257571666.00,3142781986.00
bnb,"Nov 02, 2019",20.02,20.40,19.86,20.27,273890078.00,3152261627.00
bnb,"Nov 01, 2019",19.99,20.06,19.78,20.02,198377285.00,3114078497.00
bnb,"Oct 31, 2019",20.10,20.40,19.54,20.00,250225840.00,3110770519.00
bnb,"Oct 30, 2019",20.49,20.58,19.23,20.09,250293832.00,3124258265.00
bnb,"Oct 29, 2019",19.81,20.92,19.70,20.48,317609149.00,3184941705.00
bnb,"Oct 28, 2019",19.34,20.90,19.31,19.76,337867337.00,3073144009.00
bnb,"Oct 27, 2019",18.89,19.59,18.57,19.35,292948855.00,3008958175.00
bnb,"Oct 26, 2019",18.63,19.78,18.18,18.89,292124012.00,2938042518.00
bitcoin-cash,"Dec 04, 2019",212.68,216.60,205.89,209.29,1441054845.00,3798514529.00
bitcoin-cash,"Dec 03, 2019",215.50,217.16,211.62,212.86,1072206668.00,3862794370.00
bitcoin-cash,"Dec 02, 2019",216.38,218.92,212.36,215.66,1164376888.00,3913199174.00
bitcoin-cash,"Dec 01, 2019",218.99,219.26,212.50,216.17,1260404762.00,3922144119.00
bitcoin-cash,"Nov 30, 2019",224.98,226.76,217.43,218.91,1309092627.00,3971434832.00
bitcoin-cash,"Nov 29, 2019",218.89,225.69,218.44,224.81,1475684082.00,4078066144.00
bitcoin-cash,"Nov 28, 2019",220.12,226.24,218.58,218.74,1391327826.00,3967553739.00
bitcoin-cash,"Nov 27, 2019",212.36,224.12,206.61,220.41,1963457159.00,3997547767.00
bitcoin-cash,"Nov 26, 2019",208.78,214.93,208.35,212.93,1808857014.00,3861504453.00
bitcoin-cash,"Nov 25, 2019",205.24,215.30,194.76,209.24,2401604928.00,3794036862.00
bitcoin-cash,"Nov 24, 2019",217.29,217.91,205.14,205.15,2128845957.00,3719555398.00
bitcoin-cash,"Nov 23, 2019",209.10,217.36,202.89,217.34,2407778555.00,3940197869.00
bitcoin-cash,"Nov 22, 2019",226.70,229.26,198.15,208.93,3382940612.00,3787329094.00
bitcoin-cash,"Nov 21, 2019",244.20,246.82,222.46,226.60,2401952813.00,4107271775.00
bitcoin-cash,"Nov 20, 2019",244.34,248.62,241.52,244.24,1805761006.00,4426589668.00
bitcoin-cash,"Nov 19, 2019",250.17,253.92,236.83,244.41,2131441345.00,4429141571.00
bitcoin-cash,"Nov 18, 2019",268.47,269.80,246.33,250.18,2115048013.00,4533460759.00
bitcoin-cash,"Nov 17, 2019",267.71,274.04,264.40,268.74,1565942482.00,4869324517.00
bitcoin-cash,"Nov 16, 2019",264.96,269.50,263.40,267.70,1481946683.00,4849880730.00
bitcoin-cash,"Nov 15, 2019",280.07,280.27,264.04,264.71,1918658721.00,4795268314.00
bitcoin-cash,"Nov 14, 2019",286.24,287.01,277.44,279.56,1835340820.00,5063764909.00
bitcoin-cash,"Nov 13, 2019",289.04,289.66,284.09,286.49,1555824951.00,5188837230.00
bitcoin-cash,"Nov 12, 2019",287.18,291.64,284.55,289.24,1840497856.00,5238065361.00
bitcoin-cash,"Nov 11, 2019",293.57,297.01,284.39,287.16,1873466817.00,5199842645.00
bitcoin-cash,"Nov 10, 2019",282.73,296.04,281.32,293.48,2125907737.00,5313685658.00
bitcoin-cash,"Nov 09, 2019",277.90,284.10,277.88,282.74,1689515654.00,5118863818.00
bitcoin-cash,"Nov 08, 2019",293.83,294.61,274.30,277.98,2226108792.00,5032069448.00
bitcoin-cash,"Nov 07, 2019",306.29,306.67,289.45,293.50,2183103768.00,5312581525.00
bitcoin-cash,"Nov 06, 2019",293.46,307.36,292.64,306.23,2418826077.00,5542406467.00
bitcoin-cash,"Nov 05, 2019",291.78,295.80,287.93,293.71,2269171137.00,5315239099.00
bitcoin-cash,"Nov 04, 2019",292.80,293.98,286.84,291.85,2478124574.00,5281034076.00
bitcoin-cash,"Nov 03, 2019",290.73,303.13,283.73,292.71,2598715593.00,5296136970.00
bitcoin-cash,"Nov 02, 2019",279.22,295.23,278.98,290.72,2353771063.00,5259529632.00
bitcoin-cash,"Nov 01, 2019",284.49,284.49,274.11,279.14,2375427805.00,5049556631.00
bitcoin-cash,"Oct 31, 2019",290.40,296.56,274.43,284.48,2933178100.00,5145642139.00
bitcoin-cash,"Oct 30, 2019",289.19,303.61,285.74,290.63,3583344209.00,5256428279.00
bitcoin-cash,"Oct 29, 2019",265.38,295.47,264.28,288.96,4123613696.00,5225681741.00
bitcoin-cash,"Oct 28, 2019",261.15,274.81,260.11,265.41,3107818242.00,4799371733.00
bitcoin-cash,"Oct 27, 2019",252.56,265.96,246.34,261.25,3228198618.00,4723673729.00
bitcoin-cash,"Oct 26, 2019",259.53,277.12,244.46,252.51,3875753112.00,4565115347.00
bitcoin-cash,"Oct 25, 2019",214.21,265.03,213.81,259.17,3309084358.00,4685079701.00
cardano,"Dec 04, 2019",0.04,0.04,0.04,0.04,51692274.00,969802335.00
cardano,"Dec 03, 2019",0.04,0.04,0.04,0.04,34356883.00,983080974.00
cardano,"Dec 02, 2019",0.04,0.04,0.04,0.04,43069274.00,986684920.00
cardano,"Dec 01, 2019",0.04,0.04,0.04,0.04,59641355.00,1026365437.00
cardano,"Nov 30, 2019",0.04,0.04,0.04,0.04,64184926.00,1048107282.00
cardano,"Nov 29, 2019",0.04,0.04,0.04,0.04,99506198.00,1073986624.00
cardano,"Nov 28, 2019",0.04,0.04,0.04,0.04,60743403.00,1016079672.00
cardano,"Nov 27, 2019",0.04,0.04,0.04,0.04,76841561.00,1012420887.00
cardano,"Nov 26, 2019",0.04,0.04,0.04,0.04,57431470.00,959117573.00
cardano,"Nov 25, 2019",0.04,0.04,0.03,0.04,96694224.00,934626616.00
cardano,"Nov 24, 2019",0.04,0.04,0.04,0.04,62998664.00,922680695.00
cardano,"Nov 23, 2019",0.04,0.04,0.04,0.04,58979321.00,994122170.00
cardano,"Nov 22, 2019",0.04,0.04,0.03,0.04,93310136.00,963130806.00
cardano,"Nov 21, 2019",0.04,0.04,0.04,0.04,67101708.00,995755250.00
cardano,"Nov 20, 2019",0.04,0.04,0.04,0.04,69854304.00,1067634701.00
cardano,"Nov 19, 2019",0.04,0.04,0.04,0.04,91311583.00,1102995485.00
cardano,"Nov 18, 2019",0.05,0.05,0.04,0.04,106595679.00,1135647864.00
cardano,"Nov 17, 2019",0.04,0.05,0.04,0.05,74834540.00,1177627885.00
cardano,"Nov 16, 2019",0.04,0.04,0.04,0.04,61781146.00,1145239519.00
cardano,"Nov 15, 2019",0.04,0.04,0.04,0.04,81592975.00,1140128777.00
cardano,"Nov 14, 2019",0.04,0.04,0.04,0.04,53295194.00,1117958882.00
cardano,"Nov 13, 2019",0.04,0.04,0.04,0.04,42332678.00,1127632602.00
cardano,"Nov 12, 2019",0.04,0.04,0.04,0.04,79520150.00,1134751210.00
cardano,"Nov 11, 2019",0.04,0.04,0.04,0.04,57846910.00,1119896696.00
cardano,"Nov 10, 2019",0.04,0.04,0.04,0.04,71691725.00,1139696016.00
cardano,"Nov 09, 2019",0.04,0.04,0.04,0.04,41365742.00,1100480940.00
cardano,"Nov 08, 2019",0.04,0.04,0.04,0.04,70275428.00,1096640030.00
cardano,"Nov 07, 2019",0.04,0.05,0.04,0.04,63525683.00,1131378703.00
cardano,"Nov 06, 2019",0.04,0.05,0.04,0.04,71743244.00,1165576446.00
cardano,"Nov 05, 2019",0.04,0.04,0.04,0.04,82868890.00,1149307855.00
cardano,"Nov 04, 2019",0.04,0.04,0.04,0.04,62120503.00,1120989389.00
cardano,"Nov 03, 2019",0.04,0.04,0.04,0.04,38559537.00,1087128848.00
cardano,"Nov 02, 2019",0.04,0.04,0.04,0.04,47127524.00,1104469763.00
cardano,"Nov 01, 2019",0.04,0.04,0.04,0.04,60880837.00,1097888791.00
cardano,"Oct 31, 2019",0.04,0.04,0.04,0.04,65333067.00,1079489291.00
cardano,"Oct 30, 2019",0.04,0.04,0.04,0.04,87541890.00,1088083802.00
cardano,"Oct 29, 2019",0.04,0.04,0.04,0.04,83357024.00,1126380670.00
cardano,"Oct 28, 2019",0.04,0.04,0.04,0.04,101906301.00,1098341833.00
cardano,"Oct 27, 2019",0.04,0.04,0.04,0.04,122643093.00,1097616330.00
cardano,"Oct 26, 2019",0.04,0.04,0.04,0.04,122861125.00,1051275058.00
cardano,"Oct 25, 2019",0.04,0.04,0.04,0.04,80455621.00,1069400506.00
cardano,"Oct 24, 2019",0.04,0.04,0.04,0.04,49800738.00,977063811.00
eos,"Dec 04, 2019",2.70,2.74,2.60,2.65,1991656646.00,2497719668.00
eos,"Dec 03, 2019",2.69,2.74,2.65,2.70,1391933885.00,2549066942.00
eos,"Dec 02, 2019",2.78,2.80,2.66,2.69,1641895350.00,2531453856.00
eos,"Dec 01, 2019",2.76,2.84,2.68,2.78,1792147034.00,2618290742.00
eos,"Nov 30, 2019",2.80,2.83,2.74,2.76,1537950803.00,2598670742.00
eos,"Nov 29, 2019",2.64,2.80,2.64,2.80,1899935358.00,2636173142.00
eos,"Nov 28, 2019",2.69,2.76,2.62,2.64,1514999632.00,2483560320.00
eos,"Nov 27, 2019",2.63,2.73,2.53,2.69,2247567344.00,2532133843.00
eos,"Nov 26, 2019",2.53,2.65,2.53,2.63,1894353525.00,2479535254.00
eos,"Nov 25, 2019",2.45,2.60,2.37,2.54,3240749705.00,2387930189.00
eos,"Nov 24, 2019",2.72,2.73,2.45,2.45,2906089979.00,2307205605.00
eos,"Nov 23, 2019",2.63,2.73,2.59,2.72,2021876981.00,2564872526.00
eos,"Nov 22, 2019",2.83,2.85,2.51,2.63,3602118620.00,2477842442.00
eos,"Nov 21, 2019",3.10,3.12,2.79,2.83,2542236471.00,2659185420.00
eos,"Nov 20, 2019",3.15,3.18,3.09,3.10,1963218325.00,2914257086.00
eos,"Nov 19, 2019",3.23,3.27,3.07,3.15,2304230672.00,2965681898.00
eos,"Nov 18, 2019",3.42,3.46,3.15,3.23,2272078620.00,3035722432.00
eos,"Nov 17, 2019",3.41,3.47,3.37,3.42,1573105687.00,3218347132.00
eos,"Nov 16, 2019",3.34,3.41,3.33,3.41,1466435139.00,3203173411.00
eos,"Nov 15, 2019",3.42,3.48,3.33,3.34,2058586140.00,3145080225.00
eos,"Nov 14, 2019",3.48,3.49,3.39,3.42,1728331755.00,3215424716.00
eos,"Nov 13, 2019",3.48,3.50,3.45,3.48,1828134783.00,3271483468.00
eos,"Nov 12, 2019",3.45,3.53,3.43,3.48,2404898305.00,3273174725.00
eos,"Nov 11, 2019",3.59,3.60,3.44,3.45,2044553191.00,3240138787.00
eos,"Nov 10, 2019",3.49,3.61,3.48,3.58,2399902626.00,3368114310.00
eos,"Nov 09, 2019",3.42,3.50,3.42,3.49,1937769184.00,3277616855.00
eos,"Nov 08, 2019",3.50,3.55,3.39,3.42,2561508538.00,3213675374.00
eos,"Nov 07, 2019",3.62,3.63,3.46,3.50,2352629788.00,3283847627.00
eos,"Nov 06, 2019",3.62,3.67,3.57,3.62,2422013167.00,3402662724.00
eos,"Nov 05, 2019",3.45,3.66,3.41,3.62,3098696039.00,3398966741.00
eos,"Nov 04, 2019",3.29,3.48,3.26,3.45,2622910762.00,3234215785.00
eos,"Nov 03, 2019",3.33,3.35,3.22,3.28,1747407101.00,3083125737.00
eos,"Nov 02, 2019",3.35,3.39,3.31,3.33,1853095765.00,3129373031.00
eos,"Nov 01, 2019",3.28,3.38,3.24,3.35,2155169872.00,3147694261.00
eos,"Oct 31, 2019",3.30,3.37,3.20,3.28,2214401900.00,3073979520.00
eos,"Oct 30, 2019",3.41,3.41,3.22,3.30,2485786630.00,3093636013.00
eos,"Oct 29, 2019",3.29,3.45,3.29,3.41,2600414930.00,3196064369.00
eos,"Oct 28, 2019",3.34,3.50,3.26,3.30,3132020604.00,3092271494.00
eos,"Oct 27, 2019",3.14,3.44,3.09,3.34,3568565292.00,3130088275.00
eos,"Oct 26, 2019",3.18,3.48,3.02,3.14,4412536644.00,2940437151.00
ethereum,"Dec 04, 2019",147.92,150.68,145.00,146.75,7865937094.00,15966157442.00
ethereum,"Dec 03, 2019",149.06,150.31,146.00,147.96,6204379850.00,16095928402.00
ethereum,"Dec 02, 2019",151.18,152.12,147.61,149.06,6670561362.00,16214125032.00
ethereum,"Dec 01, 2019",152.49,152.49,147.07,151.19,7102780298.00,16443650814.00
ethereum,"Nov 30, 2019",155.29,156.69,151.23,152.54,6565950868.00,16589132426.00
ethereum,"Nov 29, 2019",151.77,156.85,151.46,155.30,7503898278.00,16887922522.00
ethereum,"Nov 28, 2019",153.07,156.61,151.09,151.72,7346531960.00,16496129470.00
ethereum,"Nov 27, 2019",148.40,154.89,143.53,153.01,8778095308.00,16634910472.00
ethereum,"Nov 26, 2019",146.40,150.00,145.22,148.97,7648516297.00,16193326033.00
ethereum,"Nov 25, 2019",142.70,150.21,133.80,146.48,10962753356.00,15921080564.00
ethereum,"Nov 24, 2019",153.43,153.97,142.83,142.83,7782769098.00,15523459920.00
ethereum,"Nov 23, 2019",150.21,154.10,147.60,153.42,8289198330.00,16671705910.00
ethereum,"Nov 22, 2019",161.51,163.03,142.34,150.27,12020749863.00,16327536038.00
ethereum,"Nov 21, 2019",175.67,176.21,159.37,161.46,8546371325.00,17541867626.00
ethereum,"Nov 20, 2019",177.42,178.99,175.29,175.70,7205785149.00,19086228092.00
ethereum,"Nov 19, 2019",180.50,182.53,175.20,177.46,7536699743.00,19274876583.00
ethereum,"Nov 18, 2019",185.04,186.93,179.18,180.56,7787662111.00,19609782345.00
ethereum,"Nov 17, 2019",183.35,188.19,182.34,185.12,7364325471.00,20102654601.00
ethereum,"Nov 16, 2019",180.50,184.16,179.99,183.35,6789888120.00,19908020821.00
ethereum,"Nov 15, 2019",186.06,186.25,179.38,180.52,8815678477.00,19598770324.00
ethereum,"Nov 14, 2019",188.27,188.63,184.99,186.00,7872664470.00,20191206220.00
ethereum,"Nov 13, 2019",186.94,189.33,185.94,188.26,7343173596.00,20434064781.00
ethereum,"Nov 12, 2019",185.56,187.95,184.19,186.84,7792186666.00,20278071676.00
ethereum,"Nov 11, 2019",189.50,190.34,185.09,185.49,7877424106.00,20128792760.00
ethereum,"Nov 10, 2019",184.94,190.92,184.69,189.48,8752784211.00,20559121065.00
ethereum,"Nov 09, 2019",184.31,185.84,183.90,185.03,7277418704.00,20074095541.00
ethereum,"Nov 08, 2019",187.92,188.82,182.54,184.21,9176780911.00,19983058356.00
ethereum,"Nov 07, 2019",191.50,191.86,186.57,187.98,9081247799.00,20389037934.00
ethereum,"Nov 06, 2019",189.11,193.55,188.67,191.59,10156458684.00,20778894603.00
ethereum,"Nov 05, 2019",186.31,191.26,184.33,189.30,10024177342.00,20528094420.00
ethereum,"Nov 04, 2019",182.32,188.02,181.82,186.36,10551917945.00,20205859402.00
ethereum,"Nov 03, 2019",183.99,185.02,179.82,182.43,8760247744.00,19777347724.00
ethereum,"Nov 02, 2019",184.02,185.71,182.80,183.93,8087991830.00,19937622287.00
ethereum,"Nov 01, 2019",183.80,185.06,181.09,183.97,9145611130.00,19940014311.00
ethereum,"Oct 31, 2019",184.80,188.75,180.07,183.97,9607939606.00,19937256794.00
ethereum,"Oct 30, 2019",190.34,191.11,181.55,184.69,10484902804.00,20013431227.00
ethereum,"Oct 29, 2019",182.67,191.85,182.36,190.34,10622761958.00,20623205054.00
ethereum,"Oct 28, 2019",184.40,187.88,180.25,182.66,10406734124.00,19788729316.00
ethereum,"Oct 27, 2019",179.93,188.16,177.68,184.24,10815941952.00,19957408085.00
ethereum,"Oct 26, 2019",181.67,195.94,176.13,179.84,13831784986.00,19477741705.00
ethereum,"Oct 25, 2019",162.19,183.00,161.97,181.52,10358594018.00,19658140299.00
ethereum,"Oct 24, 2019",162.51,164.15,160.89,162.17,7300917537.00,17560021218.00
ethereum,"Oct 23, 2019",172.26,172.42,157.46,162.40,9624925919.00,17583244177.00
ethereum,"Oct 22, 2019",174.91,175.65,172.27,172.30,6990951966.00,18652588580.00
ethereum,"Oct 21, 2019",175.52,177.74,173.29,174.92,6815820627.00,18933882640.00
ethereum,"Oct 20, 2019",172.97,176.72,171.21,175.53,6801091120.00,18997957789.00
ethereum,"Oct 19, 2019",173.65,175.61,172.22,172.91,6551453871.00,18711940303.00
ethereum,"Oct 18, 2019",177.99,178.18,171.01,173.62,7566257807.00,18786275035.00
ethereum,"Oct 17, 2019",175.91,178.90,174.57,178.03,6737237423.00,19260755682.00
ethereum,"Oct 16, 2019",181.34,181.67,174.06,176.01,7691244590.00,19040429002.00
ethereum,"Oct 15, 2019",186.98,187.76,179.46,181.41,7731456579.00,19621350993.00
ethereum,"Oct 14, 2019",182.03,187.30,181.66,186.96,7276520699.00,20219637357.00
litecoin,"Dec 04, 2019",45.40,46.54,44.58,45.19,2951880019.00,2882011362.00
litecoin,"Dec 03, 2019",45.78,46.62,44.76,45.38,2557212174.00,2893726010.00
litecoin,"Dec 02, 2019",47.65,47.81,45.32,45.82,2680452035.00,2921144389.00
litecoin,"Dec 01, 2019",47.46,48.30,46.24,47.71,2781413686.00,3041545709.00
litecoin,"Nov 30, 2019",48.91,49.28,47.09,47.48,2678481167.00,3026175357.00
litecoin,"Nov 29, 2019",47.09,49.32,47.09,48.88,2944492393.00,3115330867.00
litecoin,"Nov 28, 2019",48.00,48.55,47.02,47.06,2662459127.00,2998875250.00
litecoin,"Nov 27, 2019",47.16,48.52,45.44,48.01,2979663352.00,3059223170.00
litecoin,"Nov 26, 2019",45.81,47.54,45.66,47.27,2659405400.00,3012041642.00
litecoin,"Nov 25, 2019",44.77,47.27,42.96,45.83,3408224795.00,2919784838.00
litecoin,"Nov 24, 2019",48.71,48.78,44.73,44.73,2709705879.00,2849656912.00
litecoin,"Nov 23, 2019",47.62,48.71,46.78,48.71,2746902870.00,3104760987.00
litecoin,"Nov 22, 2019",50.88,51.39,44.89,47.62,3734545939.00,3034882008.00
litecoin,"Nov 21, 2019",55.28,55.44,50.15,50.88,3158748317.00,3242806030.00
litecoin,"Nov 20, 2019",55.63,56.66,55.09,55.29,2858714058.00,3523320531.00
litecoin,"Nov 19, 2019",56.80,57.59,54.94,55.62,3030389859.00,3544160660.00
litecoin,"Nov 18, 2019",59.57,60.08,55.86,56.80,3131873188.00,3618749968.00
litecoin,"Nov 17, 2019",58.60,60.67,58.34,59.57,3215100478.00,3794900734.00
litecoin,"Nov 16, 2019",57.79,59.18,57.47,58.57,2841793395.00,3730285758.00
litecoin,"Nov 15, 2019",59.48,60.47,57.54,57.81,3195878562.00,3681894624.00
litecoin,"Nov 14, 2019",61.08,61.22,59.42,59.43,3040274519.00,3784543703.00
litecoin,"Nov 13, 2019",61.37,62.06,60.87,61.11,3094050321.00,3891188361.00
litecoin,"Nov 12, 2019",61.93,62.47,60.69,61.34,3333604208.00,3905317178.00
litecoin,"Nov 11, 2019",63.78,64.34,61.37,61.90,3033016472.00,3940458193.00
litecoin,"Nov 10, 2019",61.90,64.60,61.81,63.84,3611586094.00,4063643936.00
litecoin,"Nov 09, 2019",60.49,62.15,60.38,61.95,2849228741.00,3943126748.00
litecoin,"Nov 08, 2019",61.88,62.45,59.51,60.53,3414910991.00,3852007191.00
litecoin,"Nov 07, 2019",64.24,64.41,61.08,61.84,3557191963.00,3935124153.00
litecoin,"Nov 06, 2019",63.35,64.27,62.96,64.27,3755244863.00,4088991803.00
litecoin,"Nov 05, 2019",61.58,64.00,61.32,63.30,4725921529.00,4027051778.00
litecoin,"Nov 04, 2019",58.60,62.18,58.38,61.57,4164854559.00,3916584191.00
litecoin,"Nov 03, 2019",58.59,58.97,57.64,58.63,3259935586.00,3728676102.00
litecoin,"Nov 02, 2019",58.58,59.33,58.22,58.60,3353942166.00,3726483415.00
litecoin,"Nov 01, 2019",58.75,58.75,57.72,58.58,3425154368.00,3725245520.00
litecoin,"Oct 31, 2019",58.36,60.08,57.69,58.78,3165801278.00,3737406895.00
litecoin,"Oct 30, 2019",59.87,60.89,57.60,58.42,3387114095.00,3714109861.00
litecoin,"Oct 29, 2019",58.05,60.66,58.05,59.87,3582210705.00,3805805251.00
litecoin,"Oct 28, 2019",59.92,61.91,57.67,58.13,3793848576.00,3694652651.00
litecoin,"Oct 27, 2019",56.80,61.87,55.92,59.91,4218140032.00,3807830063.00
litecoin,"Oct 26, 2019",56.95,61.73,54.73,56.78,5234627157.00,3607985867.00
litecoin,"Oct 25, 2019",50.11,57.32,49.61,56.94,3770902916.00,3618037380.00
litecoin,"Oct 24, 2019",49.68,50.47,49.02,50.07,2650862714.00,3181078150.00
litecoin,"Oct 23, 2019",53.75,53.82,48.50,49.63,3077488277.00,3152820838.00
litecoin,"Oct 22, 2019",54.93,55.29,53.64,53.74,2490194232.00,3413955637.00
litecoin,"Oct 21, 2019",54.92,55.56,54.02,54.94,2727253951.00,3489419289.00
litecoin,"Oct 20, 2019",54.06,55.44,53.22,54.93,2612273453.00,3488800281.00
stellar,"Dec 04, 2019",0.06,0.06,0.05,0.06,207789246.00,1111416307.00
stellar,"Dec 03, 2019",0.06,0.06,0.06,0.06,150835452.00,1122669946.00
stellar,"Dec 02, 2019",0.06,0.06,0.06,0.06,204095722.00,1124621901.00
stellar,"Dec 01, 2019",0.06,0.06,0.06,0.06,214999370.00,1164817487.00
stellar,"Nov 30, 2019",0.06,0.06,0.06,0.06,228259886.00,1196086467.00
stellar,"Nov 29, 2019",0.06,0.06,0.06,0.06,241666196.00,1186271902.00
stellar,"Nov 28, 2019",0.06,0.06,0.06,0.06,224143848.00,1167681753.00
stellar,"Nov 27, 2019",0.06,0.06,0.06,0.06,260781107.00,1184377699.00
stellar,"Nov 26, 2019",0.06,0.06,0.06,0.06,218983844.00,1174266799.00
stellar,"Nov 25, 2019",0.06,0.06,0.05,0.06,548798088.00,1155059103.00
stellar,"Nov 24, 2019",0.06,0.06,0.06,0.06,795594528.00,1140743320.00
stellar,"Nov 23, 2019",0.06,0.06,0.06,0.06,262945614.00,1210579252.00
stellar,"Nov 22, 2019",0.06,0.06,0.06,0.06,304545334.00,1193303118.00
stellar,"Nov 21, 2019",0.07,0.07,0.06,0.06,251644441.00,1237034117.00
stellar,"Nov 20, 2019",0.07,0.07,0.06,0.07,219882275.00,1313627943.00
stellar,"Nov 19, 2019",0.07,0.07,0.06,0.07,287651893.00,1318630467.00
stellar,"Nov 18, 2019",0.07,0.07,0.07,0.07,245433022.00,1369817366.00
stellar,"Nov 17, 2019",0.07,0.07,0.07,0.07,197097974.00,1446685558.00
stellar,"Nov 16, 2019",0.07,0.07,0.07,0.07,173395847.00,1442049711.00
stellar,"Nov 15, 2019",0.07,0.07,0.07,0.07,222062024.00,1450653587.00
stellar,"Nov 14, 2019",0.08,0.08,0.07,0.07,217039030.00,1498902353.00
stellar,"Nov 13, 2019",0.08,0.08,0.08,0.08,240329082.00,1535722377.00
stellar,"Nov 12, 2019",0.08,0.08,0.08,0.08,359731187.00,1545652295.00
stellar,"Nov 11, 2019",0.08,0.08,0.08,0.08,290695867.00,1600544208.00
stellar,"Nov 10, 2019",0.07,0.08,0.07,0.08,343258930.00,1568851587.00
stellar,"Nov 09, 2019",0.07,0.07,0.07,0.07,187035481.00,1460226718.00
stellar,"Nov 08, 2019",0.08,0.08,0.07,0.07,271749982.00,1441694136.00
stellar,"Nov 07, 2019",0.08,0.08,0.07,0.08,332631177.00,1504398663.00
stellar,"Nov 06, 2019",0.08,0.08,0.08,0.08,352059614.00,1573003648.00
stellar,"Nov 05, 2019",0.08,0.09,0.08,0.08,762923850.00,1647781065.00
stellar,"Nov 04, 2019",0.07,0.08,0.07,0.08,347400349.00,1531981226.00
stellar,"Nov 03, 2019",0.07,0.07,0.07,0.07,310422869.00,1385608526.00
stellar,"Nov 02, 2019",0.07,0.07,0.07,0.07,287438284.00,1429192254.00
stellar,"Nov 01, 2019",0.07,0.07,0.06,0.07,412594573.00,1388418168.00
stellar,"Oct 31, 2019",0.06,0.07,0.06,0.07,279328071.00,1307869766.00
stellar,"Oct 30, 2019",0.07,0.07,0.06,0.06,271281036.00,1294901834.00
stellar,"Oct 29, 2019",0.06,0.07,0.06,0.07,279077969.00,1327327934.00
stellar,"Oct 28, 2019",0.06,0.07,0.06,0.06,325857618.00,1298131301.00
stellar,"Oct 27, 2019",0.06,0.06,0.06,0.06,287822040.00,1292824227.00
stellar,"Oct 26, 2019",0.06,0.07,0.06,0.06,347428869.00,1253637953.00
stellar,"Oct 25, 2019",0.06,0.06,0.06,0.06,302338874.00,1277752865.00
stellar,"Oct 24, 2019",0.06,0.06,0.06,0.06,235695883.00,1214643198.00
stellar,"Oct 23, 2019",0.06,0.06,0.06,0.06,257731071.00,1201815663.00
stellar,"Oct 22, 2019",0.06,0.06,0.06,0.06,191351126.00,1258466973.00
stellar,"Oct 21, 2019",0.06,0.06,0.06,0.06,189287650.00,1281740024.00
stellar,"Oct 20, 2019",0.06,0.06,0.06,0.06,228457502.00,1267150236.00
stellar,"Oct 19, 2019",0.06,0.06,0.06,0.06,212225225.00,1264000391.00
stellar,"Oct 18, 2019",0.06,0.06,0.06,0.06,258071462.00,1276553895.00
stellar,"Oct 17, 2019",0.06,0.06,0.06,0.06,258080003.00,1293197546.00
stellar,"Oct 16, 2019",0.06,0.06,0.06,0.06,234805479.00,1250201473.00
stellar,"Oct 15, 2019",0.06,0.07,0.06,0.06,231975480.00,1287400269.00
stellar,"Oct 14, 2019",0.06,0.06,0.06,0.06,212625324.00,1300593743.00
tether,"Dec 04, 2019",1.00,1.02,0.98,1.01,24761899935.00,4140656482.00
tether,"Dec 03, 2019",1.00,1.01,0.99,1.00,16691088420.00,4120924295.00
tether,"Dec 02, 2019",1.00,1.02,0.99,1.00,19093390526.00,4114951368.00
tether,"Dec 01, 2019",1.00,1.02,1.00,1.00,21027847332.00,4118235661.00
tether,"Nov 30, 2019",1.00,1.02,1.00,1.00,19145198648.00,4115041871.00
tether,"Nov 29, 2019",1.00,1.01,0.99,1.00,22304763156.00,4126616332.00
tether,"Nov 28, 2019",1.00,1.02,1.00,1.00,21502793846.00,4124805294.00
tether,"Nov 27, 2019",1.00,1.03,0.98,1.01,27416693309.00,4128694013.00
tether,"Nov 26, 2019",1.00,1.02,1.00,1.01,23545460689.00,4148191320.00
tether,"Nov 25, 2019",1.01,1.02,0.99,1.00,33648447519.00,4120837393.00
tether,"Nov 24, 2019",1.01,1.03,1.00,1.02,25990545761.00,4180011937.00
tether,"Nov 23, 2019",1.00,1.03,1.00,1.01,24605070720.00,4161983862.00
tether,"Nov 22, 2019",1.00,1.02,0.99,1.00,39068899485.00,4120554484.00
tether,"Nov 21, 2019",1.01,1.02,1.00,1.00,26004738831.00,4109731631.00
tether,"Nov 20, 2019",1.01,1.02,1.00,1.01,22255938426.00,4130393647.00
tether,"Nov 19, 2019",1.01,1.03,1.00,1.01,23104090327.00,4144883422.00
tether,"Nov 18, 2019",1.01,1.02,1.00,1.01,24102161964.00,4157375252.00
tether,"Nov 17, 2019",1.01,1.02,1.00,1.01,20418489157.00,4142844476.00
tether,"Nov 16, 2019",1.00,1.01,1.00,1.01,18225904912.00,4135759004.00
tether,"Nov 15, 2019",1.01,1.02,1.00,1.00,25291395573.00,4113666666.00
tether,"Nov 14, 2019",1.00,1.01,1.00,1.01,21911169228.00,4130975243.00
tether,"Nov 13, 2019",1.00,1.01,1.00,1.00,20071939197.00,4121088708.00
tether,"Nov 12, 2019",1.00,1.01,1.00,1.00,23449537112.00,4113788114.00
tether,"Nov 11, 2019",1.00,1.01,1.00,1.00,23739145075.00,4118061437.00
tether,"Nov 10, 2019",1.00,1.01,0.99,1.00,24552202767.00,4119110881.00
tether,"Nov 09, 2019",1.00,1.01,1.00,1.00,20459420156.00,4108822609.00
tether,"Nov 08, 2019",1.01,1.01,1.00,1.00,28749114086.00,4118305231.00
tether,"Nov 07, 2019",1.00,1.01,1.00,1.01,27694410589.00,4131592434.00
tether,"Nov 06, 2019",1.01,1.01,1.00,1.00,28578448466.00,4120504628.00
tether,"Nov 05, 2019",1.00,1.01,1.00,1.00,30721581637.00,4127530034.00
tether,"Nov 04, 2019",1.00,1.01,0.99,1.00,30710349697.00,4125883665.00
tether,"Nov 03, 2019",1.01,1.01,1.00,1.00,24597499287.00,4126314409.00
tether,"Nov 02, 2019",1.00,1.01,1.00,1.00,23973071925.00,4127588892.00
tether,"Nov 01, 2019",1.01,1.01,1.00,1.00,27864589885.00,4124890871.00
tether,"Oct 31, 2019",1.01,1.03,1.00,1.01,30727310848.00,4134412347.00
tether,"Oct 30, 2019",1.00,1.01,1.00,1.01,32807890269.00,4132087645.00
tether,"Oct 29, 2019",1.00,1.01,0.99,1.00,35047512730.00,4116816180.00
tether,"Oct 28, 2019",1.00,1.01,0.98,1.00,38665694771.00,4119771724.00
tether,"Oct 27, 2019",1.00,1.01,0.98,1.00,40519447549.00,4125469824.00
tether,"Oct 26, 2019",1.00,1.01,0.97,1.00,53509128965.00,4114596274.00
tether,"Oct 25, 2019",1.01,1.01,0.98,1.00,37383241390.00,4116967974.00
xrp,"Dec 04, 2019",0.22,0.22,0.21,0.22,1427312577.00,9364745688.00
xrp,"Dec 03, 2019",0.22,0.22,0.22,0.22,1017648495.00,9517202026.00
xrp,"Dec 02, 2019",0.23,0.23,0.22,0.22,1187513777.00,9507818760.00
xrp,"Dec 01, 2019",0.23,0.23,0.22,0.23,1176237060.00,9756884341.00
xrp,"Nov 30, 2019",0.23,0.23,0.22,0.23,1160032624.00,9806315573.00
xrp,"Nov 29, 2019",0.22,0.23,0.22,0.23,1325761774.00,9968382707.00
xrp,"Nov 28, 2019",0.23,0.23,0.22,0.22,1244175231.00,9723838882.00
xrp,"Nov 27, 2019",0.22,0.23,0.22,0.23,1608881984.00,9745970911.00
xrp,"Nov 26, 2019",0.22,0.22,0.21,0.22,1322723640.00,9618843673.00
xrp,"Nov 25, 2019",0.22,0.23,0.21,0.22,9415068271.00,9466286656.00
xrp,"Nov 24, 2019",0.24,0.24,0.22,0.22,2932397174.00,9663857831.00
xrp,"Nov 23, 2019",0.23,0.24,0.23,0.24,1480512363.00,10226933084.00
xrp,"Nov 22, 2019",0.24,0.25,0.23,0.23,2012230945.00,10028238451.00
xrp,"Nov 21, 2019",0.25,0.25,0.24,0.24,1586333624.00,10555043277.00
xrp,"Nov 20, 2019",0.26,0.26,0.25,0.25,1319069498.00,10884017518.00
xrp,"Nov 19, 2019",0.26,0.26,0.25,0.26,1420685334.00,11106437807.00
xrp,"Nov 18, 2019",0.27,0.27,0.25,0.26,1452996115.00,11069403326.00
xrp,"Nov 17, 2019",0.26,0.27,0.26,0.27,1273573229.00,11485052604.00
xrp,"Nov 16, 2019",0.26,0.27,0.26,0.26,1195333401.00,11425884645.00
xrp,"Nov 15, 2019",0.27,0.27,0.26,0.26,1548251349.00,11329241896.00
xrp,"Nov 14, 2019",0.27,0.27,0.27,0.27,1264478184.00,11707513880.00
xrp,"Nov 13, 2019",0.27,0.28,0.27,0.27,1278922350.00,11822051383.00
xrp,"Nov 12, 2019",0.28,0.28,0.27,0.27,1404766289.00,11795294866.00
xrp,"Nov 11, 2019",0.28,0.28,0.27,0.28,1437677669.00,11910794571.00
xrp,"Nov 10, 2019",0.28,0.28,0.28,0.28,1557437413.00,12132388502.00
xrp,"Nov 09, 2019",0.28,0.28,0.28,0.28,1449652131.00,12117941815.00
xrp,"Nov 08, 2019",0.29,0.29,0.27,0.28,2026687432.00,11977697598.00
xrp,"Nov 07, 2019",0.31,0.31,0.28,0.29,2430065390.00,12647080586.00
xrp,"Nov 06, 2019",0.30,0.31,0.30,0.31,1790567871.00,13410631514.00
xrp,"Nov 05, 2019",0.30,0.30,0.30,0.30,1964177330.00,13028715563.00
xrp,"Nov 04, 2019",0.29,0.30,0.29,0.30,1647597869.00,12971721432.00
xrp,"Nov 03, 2019",0.30,0.30,0.29,0.29,1381510371.00,12596463117.00
xrp,"Nov 02, 2019",0.29,0.30,0.29,0.30,1460243469.00,12812796808.00
xrp,"Nov 01, 2019",0.30,0.30,0.29,0.29,1572251058.00,12656190134.00
xrp,"Oct 31, 2019",0.30,0.30,0.29,0.30,1666132252.00,12816900825.00
xrp,"Oct 30, 2019",0.30,0.31,0.29,0.30,1883224296.00,12825432798.00
xrp,"Oct 29, 2019",0.30,0.31,0.30,0.30,2125813360.00,13058999924.00
xrp,"Oct 28, 2019",0.30,0.30,0.29,0.30,2061536473.00,12801729616.00
xrp,"Oct 27, 2019",0.29,0.30,0.29,0.30,2237941946.00,12892254871.00
xrp,"Oct 26, 2019",0.30,0.31,0.29,0.29,3122465894.00,12701942701.00
xrp,"Oct 25, 2019",0.28,0.30,0.28,0.30,2486979029.00,12895056501.00
xrp,"Oct 24, 2019",0.27,0.28,0.27,0.28,1638078551.00,12042668475.00
xrp,"Oct 23, 2019",0.29,0.29,0.26,0.27,2172985938.00,11854650118.00
xrp,"Oct 22, 2019",0.29,0.30,0.29,0.29,1632212674.00,12609856226.00
